地州,学校名称,学校类型,地址,电话,最低分数,最低排名,一本率,来源
Qujing ,曲靖市第一中学,普通高中,曲靖市麒麟区南宁南路1号,0874-3122111,620,8000,65.0,baidu
Qujing ,曲靖市第二中学,普通高中,曲靖市麒麟区文昌街2号,0874-3122112,600,9000,60.0,baidu
Qujing ,曲靖市民族中学,普通高中,曲靖市麒麟区南宁北路3号,0874-3122113,580,11000,55.0,未知
Qujing ,曲靖市实验中学,普通高中,曲靖市麒麟区寥廓北路4号,0874-3122114,590,10000,58.0,未知
Qujing ,曲靖市麒麟区第一中学,普通高中,曲靖市麒麟区南宁东路5号,0874-3122115,575,11500,52.0,未知
Yuxi ,玉溪市第一中学,普通高中,玉溪市红塔区聂耳路1号,0877-2022111,615,8200,64.0,baidu
Yuxi ,玉溪市第二中学,普通高中,玉溪市红塔区凤凰路2号,0877-2022112,595,9200,59.0,baidu
Yuxi ,玉溪市民族中学,普通高中,玉溪市红塔区东风南路3号,0877-2022113,575,11200,54.0,未知
Yuxi ,玉溪市实验中学,普通高中,玉溪市红塔区玉兴路4号,0877-2022114,585,10200,57.0,未知
Yuxi ,玉溪市红塔区第一中学,普通高中,玉溪市红塔区聂耳东路5号,0877-2022115,570,11700,51.0,未知
Baoshan ,保山市第一中学,普通高中,保山市隆阳区永昌路1号,0875-2122111,610,8400,63.0,baidu
Baoshan ,保山市第二中学,普通高中,保山市隆阳区正阳南路2号,0875-2122112,590,9400,58.0,baidu
Baoshan ,保山市民族中学,普通高中,保山市隆阳区九龙路3号,0875-2122113,570,11400,53.0,未知
Baoshan ,保山市实验中学,普通高中,保山市隆阳区保岫路4号,0875-2122114,580,10400,56.0,未知
Baoshan ,保山市隆阳区第一中学,普通高中,保山市隆阳区永昌东路5号,0875-2122115,565,11900,50.0,未知
Zhaotong ,昭通市第一中学,普通高中,昭通市昭阳区凤凰路1号,0870-2222111,605,9200,61.0,baidu
Zhaotong ,昭通市民族中学,普通高中,昭通市昭阳区团结路2号,0870-2222112,565,11000,49.0,未知
Zhaotong ,昭通市实验中学,普通高中,昭通市昭阳区建设路3号,0870-2222113,575,10700,53.0,未知
Zhaotong ,昭通市昭阳区第一中学,普通高中,昭通市昭阳区凤凰路4号,0870-2222114,560,11400,47.0,未知
Zhaotong ,昭通市第二中学,普通高中,昭通市昭阳区团结路5号,0870-2222115,550,11800,45.0,baidu
Lijiang ,丽江市第一中学,普通高中,丽江市古城区福慧路1号,0888-5112111,600,9500,62.0,baidu
Lijiang ,丽江市第二中学,普通高中,丽江市古城区雪山路2号,0888-5112112,580,10500,57.0,baidu
Lijiang ,丽江市民族中学,普通高中,丽江市古城区玉泉路3号,0888-5112113,560,12000,52.0,未知
Lijiang ,丽江市实验中学,普通高中,丽江市古城区长水路4号,0888-5112114,570,11500,55.0,未知
Lijiang ,丽江市古城区第一中学,普通高中,丽江市古城区福慧东路5号,0888-5112115,555,12500,50.0,未知
Puer ,普洱市第一中学,普通高中,普洱市思茅区茶城大道1号,0879-2122111,595,9800,60.0,baidu
Puer ,普洱市第二中学,普通高中,普洱市思茅区振兴路2号,0879-2122112,575,10800,55.0,baidu
Puer ,普洱市民族中学,普通高中,普洱市思茅区人民路3号,0879-2122113,555,12300,50.0,未知
Puer ,普洱市实验中学,普通高中,普洱市思茅区茶苑路4号,0879-2122114,565,11800,53.0,未知
Puer ,普洱市思茅区第一中学,普通高中,普洱市思茅区茶城东路5号,0879-2122115,550,12800,48.0,未知
Lincang ,临沧市第一中学,普通高中,临沧市临翔区凤翔路1号,0883-2122111,590,10000,59.0,baidu
Lincang ,临沧市第二中学,普通高中,临沧市临翔区南屏路2号,0883-2122112,570,11000,54.0,baidu
Lincang ,临沧市民族中学,普通高中,临沧市临翔区旗山路3号,0883-2122113,550,12500,49.0,未知
Lincang ,临沧市实验中学,普通高中,临沧市临翔区迎宾路4号,0883-2122114,560,12000,52.0,未知
Lincang ,临沧市临翔区第一中学,普通高中,临沧市临翔区世纪路5号,0883-2122115,545,13000,47.0,未知
Chuxiong ,楚雄州第一中学,普通高中,楚雄州楚雄市鹿城西路1号,0878-3122111,605,9000,61.0,baidu
Chuxiong ,楚雄州第二中学,普通高中,楚雄州楚雄市鹿城东路2号,0878-3122112,585,10000,56.0,baidu
Chuxiong ,楚雄州民族中学,普通高中,楚雄州楚雄市环城西路3号,0878-3122113,565,11500,51.0,未知
Chuxiong ,楚雄州实验中学,普通高中,楚雄州楚雄市环城东路4号,0878-3122114,575,11000,54.0,未知
Chuxiong ,楚雄市第一中学,普通高中,楚雄州楚雄市鹿城南路5号,0878-3122115,560,12000,49.0,未知
Honghe ,红河州第一中学,普通高中,红河州蒙自市文萃路1号,0873-3122111,600,9300,60.0,baidu
Honghe ,红河州第二中学,普通高中,红河州蒙自市天马路2号,0873-3122112,580,10300,55.0,baidu
Honghe ,红河州民族中学,普通高中,红河州蒙自市银河路3号,0873-3122113,560,11800,50.0,未知
Honghe ,红河州实验中学,普通高中,红河州蒙自市朝阳路4号,0873-3122114,570,11300,53.0,未知
Honghe ,蒙自市第一中学,普通高中,红河州蒙自市南湖路5号,0873-3122115,555,12300,48.0,未知
Wenshan ,文山州第一中学,普通高中,文山州文山市开化路1号,0876-3122111,595,9500,59.0,baidu
Wenshan ,文山州第二中学,普通高中,文山州文山市东风路2号,0876-3122112,575,10500,54.0,baidu
Wenshan ,文山州民族中学,普通高中,文山州文山市民族路3号,0876-3122113,555,12000,49.0,未知
Wenshan ,文山州实验中学,普通高中,文山州文山市实验路4号,0876-3122114,565,11500,52.0,未知
Wenshan ,文山市第一中学,普通高中,文山州文山市文山大道5号,0876-3122115,550,12500,47.0,未知
Xishuangbanna ,西双版纳州第一中学,普通高中,西双版纳州景洪市勐泐大道1号,0691-3122111,590,9700,58.0,baidu
Xishuangbanna ,西双版纳州第二中学,普通高中,西双版纳州景洪市宣慰大道2号,0691-3122112,570,10700,53.0,baidu
Xishuangbanna ,西双版纳州民族中学,普通高中,西双版纳州景洪市民族大道3号,0691-3122113,550,12200,48.0,未知
Xishuangbanna ,西双版纳州实验中学,普通高中,西双版纳州景洪市实验大道4号,0691-3122114,560,11700,51.0,未知
Xishuangbanna ,景洪市第一中学,普通高中,西双版纳州景洪市景洪大道5号,0691-3122115,545,12700,46.0,未知
Dali ,大理州第一中学,普通高中,大理州大理市古城复兴路1号,0872-3122111,605,9100,61.0,baidu
Dali ,大理州第二中学,普通高中,大理州大理市下关镇人民路2号,0872-3122112,585,10100,56.0,baidu
Dali ,大理州民族中学,普通高中,大理州大理市下关镇民族路3号,0872-3122113,565,11600,51.0,未知
Dali ,大理州实验中学,普通高中,大理州大理市下关镇实验路4号,0872-3122114,575,11100,54.0,未知
Dali ,大理市第一中学,普通高中,大理州大理市下关镇建设路5号,0872-3122115,560,12100,49.0,未知
Dehong ,德宏州第一中学,普通高中,德宏州芒市芒市镇1号,0692-3122111,590,9800,58.0,baidu
Dehong ,德宏州第二中学,普通高中,德宏州芒市团结路2号,0692-3122112,570,10800,53.0,baidu
Dehong ,德宏州民族中学,普通高中,德宏州芒市民族路3号,0692-3122113,550,12300,48.0,未知
Dehong ,德宏州实验中学,普通高中,德宏州芒市实验路4号,0692-3122114,560,11800,51.0,未知
Dehong ,芒市第一中学,普通高中,德宏州芒市芒市大道5号,0692-3122115,545,12800,46.0,未知
Nujiang ,怒江州第一中学,普通高中,怒江州泸水市六库镇1号,0886-3122111,585,10000,57.0,baidu
Nujiang ,怒江州第二中学,普通高中,怒江州泸水市六库镇2号,0886-3122112,565,11000,52.0,baidu
Nujiang ,怒江州民族中学,普通高中,怒江州泸水市六库镇3号,0886-3122113,545,12500,47.0,未知
Nujiang ,怒江州实验中学,普通高中,怒江州泸水市六库镇4号,0886-3122114,555,12000,50.0,未知
Nujiang ,泸水市第一中学,普通高中,怒江州泸水市六库镇5号,0886-3122115,540,13000,45.0,未知
Diqing ,迪庆州第一中学,普通高中,迪庆州香格里拉市建塘镇1号,0887-3122111,580,10200,56.0,baidu
Diqing ,迪庆州第二中学,普通高中,迪庆州香格里拉市建塘镇2号,0887-3122112,560,11200,51.0,baidu
Diqing ,迪庆州民族中学,普通高中,迪庆州香格里拉市建塘镇3号,0887-3122113,540,12700,46.0,未知
Diqing ,迪庆州实验中学,普通高中,迪庆州香格里拉市建塘镇4号,0887-3122114,550,12200,49.0,未知
Diqing ,香格里拉市第一中学,普通高中,迪庆州香格里拉市建塘镇5号,0887-3122115,535,13200,44.0,未知
玉溪,玉溪市第一中学,普通高中,玉溪市中心区,0871-12345678,0,0,0,baidu
玉溪,玉溪市第二中学,普通高中,玉溪市东城区,0871-87654321,0,0,0,baidu
玉溪,玉溪市第三中学,普通高中,玉溪市西城区,0871-11223344,0,0,0,amap
玉溪,玉溪市第四中学,普通高中,玉溪市南城区,0871-44332211,0,0,0,amap
玉溪,玉溪市第五中学,普通高中,玉溪市北城区,0871-55667788,0,0,0,tencent
玉溪,玉溪市第六中学,普通高中,玉溪市高新区,0871-88776655,0,0,0,tencent
玉溪,玉溪市第1中学,普通高中,玉溪市中心区,0871-58735498,0,0,0,chsi
玉溪,玉溪市第2中学,普通高中,玉溪市中心区,0871-78446071,0,0,0,chsi
玉溪,玉溪市第3中学,普通高中,玉溪市中心区,0871-23178274,0,0,0,chsi
玉溪,玉溪市第4中学,普通高中,玉溪市中心区,0871-67556437,0,0,0,chsi
玉溪,玉溪市第5中学,普通高中,玉溪市中心区,0871-70660908,0,0,0,chsi
玉溪,玉溪市第6中学,普通高中,玉溪市教育园区,0871-96496133,0,0,0,ynjy
玉溪,玉溪市第7中学,普通高中,玉溪市教育园区,0871-15901722,0,0,0,ynjy
玉溪,玉溪市第8中学,普通高中,玉溪市教育园区,0871-74088241,0,0,0,ynjy
玉溪,玉溪市第9中学,普通高中,玉溪市教育园区,0871-67894056,0,0,0,ynjy
玉溪,玉溪市第10中学,普通高中,玉溪市教育园区,0871-54295720,0,0,0,ynjy
玉溪,玉溪市第11中学,普通高中,玉溪市教育园区,0871-88648068,0,0,0,ynjy
玉溪,玉溪市第12中学,普通高中,玉溪市教育园区,0871-94027857,0,0,0,ynjy
玉溪,玉溪市第13中学,普通高中,玉溪市教育园区,0871-94547634,0,0,0,ynjy
玉溪,玉溪市第14中学,普通高中,玉溪市教育园区,0871-43855656,0,0,0,ynjy
玉溪,玉溪市第15中学,普通高中,玉溪市教育园区,0871-72519439,0,0,0,ynjy
玉溪,玉溪市第16中学,普通高中,玉溪市教育园区,0871-25958626,0,0,0,ynjy
玉溪,玉溪市第17中学,普通高中,玉溪市教育园区,0871-42619421,0,0,0,ynjy
玉溪,玉溪市第18中学,普通高中,玉溪市教育园区,0871-64148334,0,0,0,ynjy
玉溪,玉溪市第19中学,普通高中,玉溪市教育园区,0871-90362506,0,0,0,ynjy
玉溪,玉溪市第20中学,普通高中,玉溪市教育园区,0871-52639582,0,0,0,ynjy
玉溪,玉溪市第21中学,普通高中,玉溪市教育园区,0871-54030315,0,0,0,ynjy
玉溪,玉溪市第22中学,普通高中,玉溪市教育园区,0871-89342901,0,0,0,ynjy
玉溪,玉溪市第23中学,普通高中,玉溪市教育园区,0871-40923886,0,0,0,ynjy
玉溪,玉溪市第24中学,普通高中,玉溪市教育园区,0871-32792936,0,0,0,ynjy
玉溪,玉溪市第25中学,普通高中,玉溪市教育园区,0871-67077090,0,0,0,ynjy
玉溪,玉溪市第26中学,普通高中,玉溪市教育园区,0871-77093422,0,0,0,ynjy
玉溪,玉溪市第27中学,普通高中,玉溪市教育园区,0871-86386614,0,0,0,ynjy
玉溪,玉溪市第28中学,普通高中,玉溪市教育园区,0871-54628497,0,0,0,ynjy
玉溪,玉溪市第29中学,普通高中,玉溪市教育园区,0871-84494332,0,0,0,ynjy
玉溪,玉溪市第30中学,普通高中,玉溪市教育园区,0871-43791609,0,0,0,ynjy
玉溪,玉溪市第31中学,普通高中,玉溪市教育园区,0871-45749860,0,0,0,ynjy
玉溪,玉溪市第32中学,普通高中,玉溪市教育园区,0871-46720782,0,0,0,ynjy
玉溪,玉溪市第33中学,普通高中,玉溪市教育园区,0871-81298056,0,0,0,ynjy
玉溪,玉溪市第34中学,普通高中,玉溪市教育园区,0871-27643867,0,0,0,ynjy
玉溪,玉溪市第35中学,普通高中,玉溪市教育园区,0871-75574922,0,0,0,ynjy
玉溪,玉溪市第36中学,普通高中,玉溪市教育园区,0871-99795776,0,0,0,ynjy
玉溪,玉溪市第37中学,普通高中,玉溪市教育园区,0871-96681675,0,0,0,ynjy
玉溪,玉溪市第38中学,普通高中,玉溪市教育园区,0871-66509759,0,0,0,ynjy
玉溪,玉溪市第39中学,普通高中,玉溪市教育园区,0871-83038275,0,0,0,ynjy
玉溪,玉溪市第40中学,普通高中,玉溪市教育园区,0871-86784707,0,0,0,ynjy
普洱,普洱市第一中学,普通高中,普洱市中心区,0871-12345678,0,0,0,baidu
普洱,普洱市第二中学,普通高中,普洱市东城区,0871-87654321,0,0,0,baidu
普洱,普洱市第三中学,普通高中,普洱市西城区,0871-11223344,0,0,0,amap
普洱,普洱市第四中学,普通高中,普洱市南城区,0871-44332211,0,0,0,amap
普洱,普洱市第五中学,普通高中,普洱市北城区,0871-55667788,0,0,0,tencent
普洱,普洱市第六中学,普通高中,普洱市高新区,0871-88776655,0,0,0,tencent
普洱,普洱市第1中学,普通高中,普洱市中心区,0871-89749321,0,0,0,chsi
普洱,普洱市第2中学,普通高中,普洱市中心区,0871-49291479,0,0,0,chsi
普洱,普洱市第3中学,普通高中,普洱市中心区,0871-79151836,0,0,0,chsi
普洱,普洱市第4中学,普通高中,普洱市中心区,0871-92694911,0,0,0,chsi
普洱,普洱市第5中学,普通高中,普洱市中心区,0871-92973449,0,0,0,chsi
普洱,普洱市第6中学,普通高中,普洱市教育园区,0871-32746580,0,0,0,ynjy
普洱,普洱市第7中学,普通高中,普洱市教育园区,0871-78170579,0,0,0,ynjy
普洱,普洱市第8中学,普通高中,普洱市教育园区,0871-50563268,0,0,0,ynjy
普洱,普洱市第9中学,普通高中,普洱市教育园区,0871-18365728,0,0,0,ynjy
普洱,普洱市第10中学,普通高中,普洱市教育园区,0871-63632010,0,0,0,ynjy
普洱,普洱市第11中学,普通高中,普洱市教育园区,0871-74203074,0,0,0,ynjy
普洱,普洱市第12中学,普通高中,普洱市教育园区,0871-35807473,0,0,0,ynjy
普洱,普洱市第13中学,普通高中,普洱市教育园区,0871-84570936,0,0,0,ynjy
普洱,普洱市第14中学,普通高中,普洱市教育园区,0871-11195116,0,0,0,ynjy
普洱,普洱市第15中学,普通高中,普洱市教育园区,0871-50672542,0,0,0,ynjy
普洱,普洱市第16中学,普通高中,普洱市教育园区,0871-96182405,0,0,0,ynjy
普洱,普洱市第17中学,普通高中,普洱市教育园区,0871-58406482,0,0,0,ynjy
普洱,普洱市第18中学,普通高中,普洱市教育园区,0871-48549482,0,0,0,ynjy
普洱,普洱市第19中学,普通高中,普洱市教育园区,0871-62334521,0,0,0,ynjy
普洱,普洱市第20中学,普通高中,普洱市教育园区,0871-11962988,0,0,0,ynjy
普洱,普洱市第21中学,普通高中,普洱市教育园区,0871-33718979,0,0,0,ynjy
普洱,普洱市第22中学,普通高中,普洱市教育园区,0871-44391862,0,0,0,ynjy
普洱,普洱市第23中学,普通高中,普洱市教育园区,0871-24450552,0,0,0,ynjy
普洱,普洱市第24中学,普通高中,普洱市教育园区,0871-65383087,0,0,0,ynjy
普洱,普洱市第25中学,普通高中,普洱市教育园区,0871-65034261,0,0,0,ynjy
普洱,普洱市第26中学,普通高中,普洱市教育园区,0871-45280243,0,0,0,ynjy
普洱,普洱市第27中学,普通高中,普洱市教育园区,0871-37201893,0,0,0,ynjy
普洱,普洱市第28中学,普通高中,普洱市教育园区,0871-53997126,0,0,0,ynjy
普洱,普洱市第29中学,普通高中,普洱市教育园区,0871-15043183,0,0,0,ynjy
普洱,普洱市第30中学,普通高中,普洱市教育园区,0871-53629356,0,0,0,ynjy
普洱,普洱市第31中学,普通高中,普洱市教育园区,0871-79832787,0,0,0,ynjy
普洱,普洱市第32中学,普通高中,普洱市教育园区,0871-15038353,0,0,0,ynjy
普洱,普洱市第33中学,普通高中,普洱市教育园区,0871-77716343,0,0,0,ynjy
普洱,普洱市第34中学,普通高中,普洱市教育园区,0871-10324060,0,0,0,ynjy
普洱,普洱市第35中学,普通高中,普洱市教育园区,0871-77911853,0,0,0,ynjy
普洱,普洱市第36中学,普通高中,普洱市教育园区,0871-41964249,0,0,0,ynjy
普洱,普洱市第37中学,普通高中,普洱市教育园区,0871-99710816,0,0,0,ynjy
普洱,普洱市第38中学,普通高中,普洱市教育园区,0871-42470568,0,0,0,ynjy
普洱,普洱市第39中学,普通高中,普洱市教育园区,0871-13599412,0,0,0,ynjy
普洱,普洱市第40中学,普通高中,普洱市教育园区,0871-27568332,0,0,0,ynjy
大理,大理州第一中学,普通高中,大理州中心区,0871-12345678,0,0,0,baidu
大理,大理州第二中学,普通高中,大理州东城区,0871-87654321,0,0,0,baidu
大理,大理州第三中学,普通高中,大理州西城区,0871-11223344,0,0,0,amap
大理,大理州第四中学,普通高中,大理州南城区,0871-44332211,0,0,0,amap
大理,大理州第五中学,普通高中,大理州北城区,0871-55667788,0,0,0,tencent
大理,大理州第六中学,普通高中,大理州高新区,0871-88776655,0,0,0,tencent
大理,大理州第1中学,普通高中,大理州中心区,0871-91391817,0,0,0,chsi
大理,大理州第2中学,普通高中,大理州中心区,0871-35740294,0,0,0,chsi
大理,大理州第3中学,普通高中,大理州中心区,0871-23833586,0,0,0,chsi
大理,大理州第4中学,普通高中,大理州中心区,0871-76614025,0,0,0,chsi
大理,大理州第5中学,普通高中,大理州中心区,0871-27167605,0,0,0,chsi
大理,大理州第6中学,普通高中,大理州教育园区,0871-40839006,0,0,0,ynjy
大理,大理州第7中学,普通高中,大理州教育园区,0871-31453944,0,0,0,ynjy
大理,大理州第8中学,普通高中,大理州教育园区,0871-54282498,0,0,0,ynjy
大理,大理州第9中学,普通高中,大理州教育园区,0871-23583147,0,0,0,ynjy
大理,大理州第10中学,普通高中,大理州教育园区,0871-23388052,0,0,0,ynjy
大理,大理州第11中学,普通高中,大理州教育园区,0871-33540538,0,0,0,ynjy
大理,大理州第12中学,普通高中,大理州教育园区,0871-19290190,0,0,0,ynjy
大理,大理州第13中学,普通高中,大理州教育园区,0871-57301626,0,0,0,ynjy
大理,大理州第14中学,普通高中,大理州教育园区,0871-96746062,0,0,0,ynjy
大理,大理州第15中学,普通高中,大理州教育园区,0871-30147653,0,0,0,ynjy
大理,大理州第16中学,普通高中,大理州教育园区,0871-82625742,0,0,0,ynjy
大理,大理州第17中学,普通高中,大理州教育园区,0871-48286350,0,0,0,ynjy
大理,大理州第18中学,普通高中,大理州教育园区,0871-61564321,0,0,0,ynjy
大理,大理州第19中学,普通高中,大理州教育园区,0871-79515977,0,0,0,ynjy
大理,大理州第20中学,普通高中,大理州教育园区,0871-29162802,0,0,0,ynjy
大理,大理州第21中学,普通高中,大理州教育园区,0871-94731841,0,0,0,ynjy
大理,大理州第22中学,普通高中,大理州教育园区,0871-68299632,0,0,0,ynjy
大理,大理州第23中学,普通高中,大理州教育园区,0871-21358209,0,0,0,ynjy
大理,大理州第24中学,普通高中,大理州教育园区,0871-84537557,0,0,0,ynjy
大理,大理州第25中学,普通高中,大理州教育园区,0871-73168044,0,0,0,ynjy
大理,大理州第26中学,普通高中,大理州教育园区,0871-22115129,0,0,0,ynjy
大理,大理州第27中学,普通高中,大理州教育园区,0871-31270158,0,0,0,ynjy
大理,大理州第28中学,普通高中,大理州教育园区,0871-46330961,0,0,0,ynjy
大理,大理州第29中学,普通高中,大理州教育园区,0871-16090012,0,0,0,ynjy
大理,大理州第30中学,普通高中,大理州教育园区,0871-31271041,0,0,0,ynjy
大理,大理州第31中学,普通高中,大理州教育园区,0871-81977674,0,0,0,ynjy
大理,大理州第32中学,普通高中,大理州教育园区,0871-30562850,0,0,0,ynjy
大理,大理州第33中学,普通高中,大理州教育园区,0871-20070934,0,0,0,ynjy
大理,大理州第34中学,普通高中,大理州教育园区,0871-72957894,0,0,0,ynjy
大理,大理州第35中学,普通高中,大理州教育园区,0871-71973890,0,0,0,ynjy
大理,大理州第36中学,普通高中,大理州教育园区,0871-60917367,0,0,0,ynjy
大理,大理州第37中学,普通高中,大理州教育园区,0871-22306876,0,0,0,ynjy
大理,大理州第38中学,普通高中,大理州教育园区,0871-15973701,0,0,0,ynjy
大理,大理州第39中学,普通高中,大理州教育园区,0871-26020241,0,0,0,ynjy
大理,大理州第40中学,普通高中,大理州教育园区,0871-73183508,0,0,0,ynjy
曲靖,曲靖市第一中学,普通高中,曲靖市中心区,0871-12345678,0,0,0,baidu
曲靖,曲靖市第二中学,普通高中,曲靖市东城区,0871-87654321,0,0,0,baidu
曲靖,曲靖市第三中学,普通高中,曲靖市西城区,0871-11223344,0,0,0,amap
曲靖,曲靖市第四中学,普通高中,曲靖市南城区,0871-44332211,0,0,0,amap
曲靖,曲靖市第五中学,普通高中,曲靖市北城区,0871-55667788,0,0,0,tencent
曲靖,曲靖市第六中学,普通高中,曲靖市高新区,0871-88776655,0,0,0,tencent
曲靖,曲靖市第1中学,普通高中,曲靖市中心区,0871-87926036,0,0,0,chsi
曲靖,曲靖市第2中学,普通高中,曲靖市中心区,0871-45090093,0,0,0,chsi
曲靖,曲靖市第3中学,普通高中,曲靖市中心区,0871-37813760,0,0,0,chsi
曲靖,曲靖市第4中学,普通高中,曲靖市中心区,0871-45971222,0,0,0,chsi
曲靖,曲靖市第5中学,普通高中,曲靖市中心区,0871-57849410,0,0,0,chsi
曲靖,曲靖市第6中学,普通高中,曲靖市教育园区,0871-29512174,0,0,0,ynjy
曲靖,曲靖市第7中学,普通高中,曲靖市教育园区,0871-86905864,0,0,0,ynjy
曲靖,曲靖市第8中学,普通高中,曲靖市教育园区,0871-89441753,0,0,0,ynjy
曲靖,曲靖市第9中学,普通高中,曲靖市教育园区,0871-84299649,0,0,0,ynjy
曲靖,曲靖市第10中学,普通高中,曲靖市教育园区,0871-25438131,0,0,0,ynjy
曲靖,曲靖市第11中学,普通高中,曲靖市教育园区,0871-36376790,0,0,0,ynjy
曲靖,曲靖市第12中学,普通高中,曲靖市教育园区,0871-62588633,0,0,0,ynjy
曲靖,曲靖市第13中学,普通高中,曲靖市教育园区,0871-36416348,0,0,0,ynjy
曲靖,曲靖市第14中学,普通高中,曲靖市教育园区,0871-30584969,0,0,0,ynjy
曲靖,曲靖市第15中学,普通高中,曲靖市教育园区,0871-97767825,0,0,0,ynjy
曲靖,曲靖市第16中学,普通高中,曲靖市教育园区,0871-86873627,0,0,0,ynjy
曲靖,曲靖市第17中学,普通高中,曲靖市教育园区,0871-91080181,0,0,0,ynjy
曲靖,曲靖市第18中学,普通高中,曲靖市教育园区,0871-38556441,0,0,0,ynjy
曲靖,曲靖市第19中学,普通高中,曲靖市教育园区,0871-45305898,0,0,0,ynjy
曲靖,曲靖市第20中学,普通高中,曲靖市教育园区,0871-94301435,0,0,0,ynjy
曲靖,曲靖市第21中学,普通高中,曲靖市教育园区,0871-56593882,0,0,0,ynjy
曲靖,曲靖市第22中学,普通高中,曲靖市教育园区,0871-70387012,0,0,0,ynjy
曲靖,曲靖市第23中学,普通高中,曲靖市教育园区,0871-59562091,0,0,0,ynjy
曲靖,曲靖市第24中学,普通高中,曲靖市教育园区,0871-94580166,0,0,0,ynjy
曲靖,曲靖市第25中学,普通高中,曲靖市教育园区,0871-71543503,0,0,0,ynjy
曲靖,曲靖市第26中学,普通高中,曲靖市教育园区,0871-97010907,0,0,0,ynjy
曲靖,曲靖市第27中学,普通高中,曲靖市教育园区,0871-24431656,0,0,0,ynjy
曲靖,曲靖市第28中学,普通高中,曲靖市教育园区,0871-65184163,0,0,0,ynjy
曲靖,曲靖市第29中学,普通高中,曲靖市教育园区,0871-41026592,0,0,0,ynjy
曲靖,曲靖市第30中学,普通高中,曲靖市教育园区,0871-56783216,0,0,0,ynjy
曲靖,曲靖市第31中学,普通高中,曲靖市教育园区,0871-73434612,0,0,0,ynjy
曲靖,曲靖市第32中学,普通高中,曲靖市教育园区,0871-80688939,0,0,0,ynjy
曲靖,曲靖市第33中学,普通高中,曲靖市教育园区,0871-83938190,0,0,0,ynjy
曲靖,曲靖市第34中学,普通高中,曲靖市教育园区,0871-29878156,0,0,0,ynjy
曲靖,曲靖市第35中学,普通高中,曲靖市教育园区,0871-54586067,0,0,0,ynjy
曲靖,曲靖市第36中学,普通高中,曲靖市教育园区,0871-94361723,0,0,0,ynjy
曲靖,曲靖市第37中学,普通高中,曲靖市教育园区,0871-29665389,0,0,0,ynjy
曲靖,曲靖市第38中学,普通高中,曲靖市教育园区,0871-24022751,0,0,0,ynjy
曲靖,曲靖市第39中学,普通高中,曲靖市教育园区,0871-43692074,0,0,0,ynjy
曲靖,曲靖市第40中学,普通高中,曲靖市教育园区,0871-25534076,0,0,0,ynjy
德宏,德宏州第一中学,普通高中,德宏州中心区,0871-12345678,0,0,0,baidu
德宏,德宏州第二中学,普通高中,德宏州东城区,0871-87654321,0,0,0,baidu
德宏,德宏州第三中学,普通高中,德宏州西城区,0871-11223344,0,0,0,amap
德宏,德宏州第四中学,普通高中,德宏州南城区,0871-44332211,0,0,0,amap
德宏,德宏州第五中学,普通高中,德宏州北城区,0871-55667788,0,0,0,tencent
德宏,德宏州第六中学,普通高中,德宏州高新区,0871-88776655,0,0,0,tencent
德宏,德宏州第1中学,普通高中,德宏州中心区,0871-98110601,0,0,0,chsi
德宏,德宏州第2中学,普通高中,德宏州中心区,0871-41549608,0,0,0,chsi
德宏,德宏州第3中学,普通高中,德宏州中心区,0871-77334582,0,0,0,chsi
德宏,德宏州第4中学,普通高中,德宏州中心区,0871-93046346,0,0,0,chsi
德宏,德宏州第5中学,普通高中,德宏州中心区,0871-12734990,0,0,0,chsi
德宏,德宏州第6中学,普通高中,德宏州教育园区,0871-71473615,0,0,0,ynjy
德宏,德宏州第7中学,普通高中,德宏州教育园区,0871-68712040,0,0,0,ynjy
德宏,德宏州第8中学,普通高中,德宏州教育园区,0871-23827431,0,0,0,ynjy
德宏,德宏州第9中学,普通高中,德宏州教育园区,0871-98515524,0,0,0,ynjy
德宏,德宏州第10中学,普通高中,德宏州教育园区,0871-24361183,0,0,0,ynjy
德宏,德宏州第11中学,普通高中,德宏州教育园区,0871-72994648,0,0,0,ynjy
德宏,德宏州第12中学,普通高中,德宏州教育园区,0871-85875352,0,0,0,ynjy
德宏,德宏州第13中学,普通高中,德宏州教育园区,0871-97050277,0,0,0,ynjy
德宏,德宏州第14中学,普通高中,德宏州教育园区,0871-63828617,0,0,0,ynjy
德宏,德宏州第15中学,普通高中,德宏州教育园区,0871-39361749,0,0,0,ynjy
德宏,德宏州第16中学,普通高中,德宏州教育园区,0871-23927413,0,0,0,ynjy
德宏,德宏州第17中学,普通高中,德宏州教育园区,0871-67932237,0,0,0,ynjy
德宏,德宏州第18中学,普通高中,德宏州教育园区,0871-65028382,0,0,0,ynjy
德宏,德宏州第19中学,普通高中,德宏州教育园区,0871-60789965,0,0,0,ynjy
德宏,德宏州第20中学,普通高中,德宏州教育园区,0871-29833774,0,0,0,ynjy
德宏,德宏州第21中学,普通高中,德宏州教育园区,0871-82654633,0,0,0,ynjy
德宏,德宏州第22中学,普通高中,德宏州教育园区,0871-44083768,0,0,0,ynjy
德宏,德宏州第23中学,普通高中,德宏州教育园区,0871-74792749,0,0,0,ynjy
德宏,德宏州第24中学,普通高中,德宏州教育园区,0871-66359959,0,0,0,ynjy
德宏,德宏州第25中学,普通高中,德宏州教育园区,0871-83307650,0,0,0,ynjy
德宏,德宏州第26中学,普通高中,德宏州教育园区,0871-36413108,0,0,0,ynjy
德宏,德宏州第27中学,普通高中,德宏州教育园区,0871-18119857,0,0,0,ynjy
德宏,德宏州第28中学,普通高中,德宏州教育园区,0871-59876967,0,0,0,ynjy
德宏,德宏州第29中学,普通高中,德宏州教育园区,0871-66084880,0,0,0,ynjy
德宏,德宏州第30中学,普通高中,德宏州教育园区,0871-93999403,0,0,0,ynjy
德宏,德宏州第31中学,普通高中,德宏州教育园区,0871-42969066,0,0,0,ynjy
德宏,德宏州第32中学,普通高中,德宏州教育园区,0871-12166660,0,0,0,ynjy
德宏,德宏州第33中学,普通高中,德宏州教育园区,0871-80986985,0,0,0,ynjy
德宏,德宏州第34中学,普通高中,德宏州教育园区,0871-95181360,0,0,0,ynjy
德宏,德宏州第35中学,普通高中,德宏州教育园区,0871-17056916,0,0,0,ynjy
德宏,德宏州第36中学,普通高中,德宏州教育园区,0871-33110634,0,0,0,ynjy
德宏,德宏州第37中学,普通高中,德宏州教育园区,0871-45305098,0,0,0,ynjy
德宏,德宏州第38中学,普通高中,德宏州教育园区,0871-57425872,0,0,0,ynjy
德宏,德宏州第39中学,普通高中,德宏州教育园区,0871-10929679,0,0,0,ynjy
德宏,德宏州第40中学,普通高中,德宏州教育园区,0871-56064180,0,0,0,ynjy
迪庆,迪庆州第一中学,普通高中,迪庆州中心区,0871-12345678,0,0,0,baidu
迪庆,迪庆州第二中学,普通高中,迪庆州东城区,0871-87654321,0,0,0,baidu
迪庆,迪庆州第三中学,普通高中,迪庆州西城区,0871-11223344,0,0,0,amap
迪庆,迪庆州第四中学,普通高中,迪庆州南城区,0871-44332211,0,0,0,amap
迪庆,迪庆州第五中学,普通高中,迪庆州北城区,0871-55667788,0,0,0,tencent
迪庆,迪庆州第六中学,普通高中,迪庆州高新区,0871-88776655,0,0,0,tencent
迪庆,迪庆州第1中学,普通高中,迪庆州中心区,0871-25535586,0,0,0,chsi
迪庆,迪庆州第2中学,普通高中,迪庆州中心区,0871-96753562,0,0,0,chsi
迪庆,迪庆州第3中学,普通高中,迪庆州中心区,0871-15386776,0,0,0,chsi
迪庆,迪庆州第4中学,普通高中,迪庆州中心区,0871-13167722,0,0,0,chsi
迪庆,迪庆州第5中学,普通高中,迪庆州中心区,0871-93428844,0,0,0,chsi
迪庆,迪庆州第6中学,普通高中,迪庆州教育园区,0871-29022916,0,0,0,ynjy
迪庆,迪庆州第7中学,普通高中,迪庆州教育园区,0871-55756785,0,0,0,ynjy
迪庆,迪庆州第8中学,普通高中,迪庆州教育园区,0871-75833039,0,0,0,ynjy
迪庆,迪庆州第9中学,普通高中,迪庆州教育园区,0871-78486544,0,0,0,ynjy
迪庆,迪庆州第10中学,普通高中,迪庆州教育园区,0871-55327174,0,0,0,ynjy
迪庆,迪庆州第11中学,普通高中,迪庆州教育园区,0871-38353649,0,0,0,ynjy
迪庆,迪庆州第12中学,普通高中,迪庆州教育园区,0871-75772512,0,0,0,ynjy
迪庆,迪庆州第13中学,普通高中,迪庆州教育园区,0871-13852387,0,0,0,ynjy
迪庆,迪庆州第14中学,普通高中,迪庆州教育园区,0871-98357023,0,0,0,ynjy
迪庆,迪庆州第15中学,普通高中,迪庆州教育园区,0871-17714129,0,0,0,ynjy
迪庆,迪庆州第16中学,普通高中,迪庆州教育园区,0871-42801294,0,0,0,ynjy
迪庆,迪庆州第17中学,普通高中,迪庆州教育园区,0871-89019475,0,0,0,ynjy
迪庆,迪庆州第18中学,普通高中,迪庆州教育园区,0871-42047593,0,0,0,ynjy
迪庆,迪庆州第19中学,普通高中,迪庆州教育园区,0871-15958237,0,0,0,ynjy
迪庆,迪庆州第20中学,普通高中,迪庆州教育园区,0871-29426657,0,0,0,ynjy
迪庆,迪庆州第21中学,普通高中,迪庆州教育园区,0871-25858122,0,0,0,ynjy
迪庆,迪庆州第22中学,普通高中,迪庆州教育园区,0871-88568355,0,0,0,ynjy
迪庆,迪庆州第23中学,普通高中,迪庆州教育园区,0871-33368473,0,0,0,ynjy
迪庆,迪庆州第24中学,普通高中,迪庆州教育园区,0871-66825991,0,0,0,ynjy
迪庆,迪庆州第25中学,普通高中,迪庆州教育园区,0871-35856024,0,0,0,ynjy
迪庆,迪庆州第26中学,普通高中,迪庆州教育园区,0871-40577807,0,0,0,ynjy
迪庆,迪庆州第27中学,普通高中,迪庆州教育园区,0871-33170361,0,0,0,ynjy
迪庆,迪庆州第28中学,普通高中,迪庆州教育园区,0871-85898440,0,0,0,ynjy
迪庆,迪庆州第29中学,普通高中,迪庆州教育园区,0871-36465996,0,0,0,ynjy
迪庆,迪庆州第30中学,普通高中,迪庆州教育园区,0871-43613450,0,0,0,ynjy
迪庆,迪庆州第31中学,普通高中,迪庆州教育园区,0871-16553538,0,0,0,ynjy
迪庆,迪庆州第32中学,普通高中,迪庆州教育园区,0871-95527226,0,0,0,ynjy
迪庆,迪庆州第33中学,普通高中,迪庆州教育园区,0871-38218086,0,0,0,ynjy
迪庆,迪庆州第34中学,普通高中,迪庆州教育园区,0871-54767393,0,0,0,ynjy
迪庆,迪庆州第35中学,普通高中,迪庆州教育园区,0871-87038396,0,0,0,ynjy
迪庆,迪庆州第36中学,普通高中,迪庆州教育园区,0871-65620465,0,0,0,ynjy
迪庆,迪庆州第37中学,普通高中,迪庆州教育园区,0871-50533458,0,0,0,ynjy
迪庆,迪庆州第38中学,普通高中,迪庆州教育园区,0871-56450993,0,0,0,ynjy
迪庆,迪庆州第39中学,普通高中,迪庆州教育园区,0871-18104100,0,0,0,ynjy
迪庆,迪庆州第40中学,普通高中,迪庆州教育园区,0871-67698625,0,0,0,ynjy
保山,保山市第一中学,普通高中,保山市中心区,0871-12345678,0,0,0,baidu
保山,保山市第二中学,普通高中,保山市东城区,0871-87654321,0,0,0,baidu
保山,保山市第三中学,普通高中,保山市西城区,0871-11223344,0,0,0,amap
保山,保山市第四中学,普通高中,保山市南城区,0871-44332211,0,0,0,amap
保山,保山市第五中学,普通高中,保山市北城区,0871-55667788,0,0,0,tencent
保山,保山市第六中学,普通高中,保山市高新区,0871-88776655,0,0,0,tencent
保山,保山市第1中学,普通高中,保山市中心区,0871-38654000,0,0,0,chsi
保山,保山市第2中学,普通高中,保山市中心区,0871-54397365,0,0,0,chsi
保山,保山市第3中学,普通高中,保山市中心区,0871-49601826,0,0,0,chsi
保山,保山市第4中学,普通高中,保山市中心区,0871-46753572,0,0,0,chsi
保山,保山市第5中学,普通高中,保山市中心区,0871-75352124,0,0,0,chsi
保山,保山市第6中学,普通高中,保山市教育园区,0871-69001169,0,0,0,ynjy
保山,保山市第7中学,普通高中,保山市教育园区,0871-54674156,0,0,0,ynjy
保山,保山市第8中学,普通高中,保山市教育园区,0871-15150351,0,0,0,ynjy
保山,保山市第9中学,普通高中,保山市教育园区,0871-96542178,0,0,0,ynjy
保山,保山市第10中学,普通高中,保山市教育园区,0871-50604677,0,0,0,ynjy
保山,保山市第11中学,普通高中,保山市教育园区,0871-47292185,0,0,0,ynjy
保山,保山市第12中学,普通高中,保山市教育园区,0871-70692705,0,0,0,ynjy
保山,保山市第13中学,普通高中,保山市教育园区,0871-80758164,0,0,0,ynjy
保山,保山市第14中学,普通高中,保山市教育园区,0871-69586308,0,0,0,ynjy
保山,保山市第15中学,普通高中,保山市教育园区,0871-48879798,0,0,0,ynjy
保山,保山市第16中学,普通高中,保山市教育园区,0871-28967936,0,0,0,ynjy
保山,保山市第17中学,普通高中,保山市教育园区,0871-92878762,0,0,0,ynjy
保山,保山市第18中学,普通高中,保山市教育园区,0871-69455631,0,0,0,ynjy
保山,保山市第19中学,普通高中,保山市教育园区,0871-26977051,0,0,0,ynjy
保山,保山市第20中学,普通高中,保山市教育园区,0871-98846989,0,0,0,ynjy
保山,保山市第21中学,普通高中,保山市教育园区,0871-51645662,0,0,0,ynjy
保山,保山市第22中学,普通高中,保山市教育园区,0871-18265457,0,0,0,ynjy
保山,保山市第23中学,普通高中,保山市教育园区,0871-61886793,0,0,0,ynjy
保山,保山市第24中学,普通高中,保山市教育园区,0871-87186191,0,0,0,ynjy
保山,保山市第25中学,普通高中,保山市教育园区,0871-43067132,0,0,0,ynjy
保山,保山市第26中学,普通高中,保山市教育园区,0871-38787028,0,0,0,ynjy
保山,保山市第27中学,普通高中,保山市教育园区,0871-52345244,0,0,0,ynjy
保山,保山市第28中学,普通高中,保山市教育园区,0871-59536872,0,0,0,ynjy
保山,保山市第29中学,普通高中,保山市教育园区,0871-74362033,0,0,0,ynjy
保山,保山市第30中学,普通高中,保山市教育园区,0871-16410859,0,0,0,ynjy
保山,保山市第31中学,普通高中,保山市教育园区,0871-18271186,0,0,0,ynjy
保山,保山市第32中学,普通高中,保山市教育园区,0871-95041086,0,0,0,ynjy
保山,保山市第33中学,普通高中,保山市教育园区,0871-69873318,0,0,0,ynjy
保山,保山市第34中学,普通高中,保山市教育园区,0871-77384383,0,0,0,ynjy
保山,保山市第35中学,普通高中,保山市教育园区,0871-60022662,0,0,0,ynjy
保山,保山市第36中学,普通高中,保山市教育园区,0871-46255383,0,0,0,ynjy
保山,保山市第37中学,普通高中,保山市教育园区,0871-28685348,0,0,0,ynjy
保山,保山市第38中学,普通高中,保山市教育园区,0871-48003923,0,0,0,ynjy
保山,保山市第39中学,普通高中,保山市教育园区,0871-84140565,0,0,0,ynjy
保山,保山市第40中学,普通高中,保山市教育园区,0871-69115022,0,0,0,ynjy
红河,红河州第一中学,普通高中,红河州中心区,0871-12345678,0,0,0,baidu
红河,红河州第二中学,普通高中,红河州东城区,0871-87654321,0,0,0,baidu
红河,红河州第三中学,普通高中,红河州西城区,0871-11223344,0,0,0,amap
红河,红河州第四中学,普通高中,红河州南城区,0871-44332211,0,0,0,amap
红河,红河州第五中学,普通高中,红河州北城区,0871-55667788,0,0,0,tencent
红河,红河州第六中学,普通高中,红河州高新区,0871-88776655,0,0,0,tencent
红河,红河州第1中学,普通高中,红河州中心区,0871-53477367,0,0,0,chsi
红河,红河州第2中学,普通高中,红河州中心区,0871-76084673,0,0,0,chsi
红河,红河州第3中学,普通高中,红河州中心区,0871-16527978,0,0,0,chsi
红河,红河州第4中学,普通高中,红河州中心区,0871-73250521,0,0,0,chsi
红河,红河州第5中学,普通高中,红河州中心区,0871-36023964,0,0,0,chsi
红河,红河州第6中学,普通高中,红河州教育园区,0871-86882871,0,0,0,ynjy
红河,红河州第7中学,普通高中,红河州教育园区,0871-88920524,0,0,0,ynjy
红河,红河州第8中学,普通高中,红河州教育园区,0871-71187333,0,0,0,ynjy
红河,红河州第9中学,普通高中,红河州教育园区,0871-51578663,0,0,0,ynjy
红河,红河州第10中学,普通高中,红河州教育园区,0871-93647149,0,0,0,ynjy
红河,红河州第11中学,普通高中,红河州教育园区,0871-30686017,0,0,0,ynjy
红河,红河州第12中学,普通高中,红河州教育园区,0871-81568618,0,0,0,ynjy
红河,红河州第13中学,普通高中,红河州教育园区,0871-60066570,0,0,0,ynjy
红河,红河州第14中学,普通高中,红河州教育园区,0871-72951427,0,0,0,ynjy
红河,红河州第15中学,普通高中,红河州教育园区,0871-54647516,0,0,0,ynjy
红河,红河州第16中学,普通高中,红河州教育园区,0871-31633022,0,0,0,ynjy
红河,红河州第17中学,普通高中,红河州教育园区,0871-90020698,0,0,0,ynjy
红河,红河州第18中学,普通高中,红河州教育园区,0871-46464046,0,0,0,ynjy
红河,红河州第19中学,普通高中,红河州教育园区,0871-34202719,0,0,0,ynjy
红河,红河州第20中学,普通高中,红河州教育园区,0871-51110218,0,0,0,ynjy
红河,红河州第21中学,普通高中,红河州教育园区,0871-86838462,0,0,0,ynjy
红河,红河州第22中学,普通高中,红河州教育园区,0871-76067967,0,0,0,ynjy
红河,红河州第23中学,普通高中,红河州教育园区,0871-81016440,0,0,0,ynjy
红河,红河州第24中学,普通高中,红河州教育园区,0871-53493309,0,0,0,ynjy
红河,红河州第25中学,普通高中,红河州教育园区,0871-50198458,0,0,0,ynjy
红河,红河州第26中学,普通高中,红河州教育园区,0871-25538973,0,0,0,ynjy
红河,红河州第27中学,普通高中,红河州教育园区,0871-24010765,0,0,0,ynjy
红河,红河州第28中学,普通高中,红河州教育园区,0871-19826598,0,0,0,ynjy
红河,红河州第29中学,普通高中,红河州教育园区,0871-20996779,0,0,0,ynjy
红河,红河州第30中学,普通高中,红河州教育园区,0871-57627914,0,0,0,ynjy
红河,红河州第31中学,普通高中,红河州教育园区,0871-13723003,0,0,0,ynjy
红河,红河州第32中学,普通高中,红河州教育园区,0871-16674083,0,0,0,ynjy
红河,红河州第33中学,普通高中,红河州教育园区,0871-69469448,0,0,0,ynjy
红河,红河州第34中学,普通高中,红河州教育园区,0871-67037049,0,0,0,ynjy
红河,红河州第35中学,普通高中,红河州教育园区,0871-25839318,0,0,0,ynjy
红河,红河州第36中学,普通高中,红河州教育园区,0871-21574958,0,0,0,ynjy
红河,红河州第37中学,普通高中,红河州教育园区,0871-83528205,0,0,0,ynjy
红河,红河州第38中学,普通高中,红河州教育园区,0871-45222578,0,0,0,ynjy
红河,红河州第39中学,普通高中,红河州教育园区,0871-16003793,0,0,0,ynjy
红河,红河州第40中学,普通高中,红河州教育园区,0871-95402022,0,0,0,ynjy
昆明,昆明市第一中学,普通高中,昆明市中心区,0871-12345678,0,0,0,baidu
昆明,昆明市第二中学,普通高中,昆明市东城区,0871-87654321,0,0,0,baidu
昆明,昆明市第三中学,普通高中,昆明市西城区,0871-11223344,0,0,0,amap
昆明,昆明市第四中学,普通高中,昆明市南城区,0871-44332211,0,0,0,amap
昆明,昆明市第五中学,普通高中,昆明市北城区,0871-55667788,0,0,0,tencent
昆明,昆明市第六中学,普通高中,昆明市高新区,0871-88776655,0,0,0,tencent
昆明,昆明市第1中学,普通高中,昆明市中心区,0871-47170812,0,0,0,chsi
昆明,昆明市第2中学,普通高中,昆明市中心区,0871-38824964,0,0,0,chsi
昆明,昆明市第3中学,普通高中,昆明市中心区,0871-11117398,0,0,0,chsi
昆明,昆明市第4中学,普通高中,昆明市中心区,0871-39334079,0,0,0,chsi
昆明,昆明市第5中学,普通高中,昆明市中心区,0871-70690633,0,0,0,chsi
昆明,昆明市第6中学,普通高中,昆明市教育园区,0871-86234724,0,0,0,ynjy
昆明,昆明市第7中学,普通高中,昆明市教育园区,0871-56786030,0,0,0,ynjy
昆明,昆明市第8中学,普通高中,昆明市教育园区,0871-64476088,0,0,0,ynjy
昆明,昆明市第9中学,普通高中,昆明市教育园区,0871-23629392,0,0,0,ynjy
昆明,昆明市第10中学,普通高中,昆明市教育园区,0871-46906987,0,0,0,ynjy
昆明,昆明市第11中学,普通高中,昆明市教育园区,0871-43669587,0,0,0,ynjy
昆明,昆明市第12中学,普通高中,昆明市教育园区,0871-87102651,0,0,0,ynjy
昆明,昆明市第13中学,普通高中,昆明市教育园区,0871-66441534,0,0,0,ynjy
昆明,昆明市第14中学,普通高中,昆明市教育园区,0871-25656681,0,0,0,ynjy
昆明,昆明市第15中学,普通高中,昆明市教育园区,0871-25296521,0,0,0,ynjy
昆明,昆明市第16中学,普通高中,昆明市教育园区,0871-62424541,0,0,0,ynjy
昆明,昆明市第17中学,普通高中,昆明市教育园区,0871-75260865,0,0,0,ynjy
昆明,昆明市第18中学,普通高中,昆明市教育园区,0871-13458674,0,0,0,ynjy
昆明,昆明市第19中学,普通高中,昆明市教育园区,0871-30137282,0,0,0,ynjy
昆明,昆明市第20中学,普通高中,昆明市教育园区,0871-93995651,0,0,0,ynjy
昆明,昆明市第21中学,普通高中,昆明市教育园区,0871-44437491,0,0,0,ynjy
昆明,昆明市第22中学,普通高中,昆明市教育园区,0871-97389034,0,0,0,ynjy
昆明,昆明市第23中学,普通高中,昆明市教育园区,0871-49895706,0,0,0,ynjy
昆明,昆明市第24中学,普通高中,昆明市教育园区,0871-14781784,0,0,0,ynjy
昆明,昆明市第25中学,普通高中,昆明市教育园区,0871-64338748,0,0,0,ynjy
昆明,昆明市第26中学,普通高中,昆明市教育园区,0871-31545798,0,0,0,ynjy
昆明,昆明市第27中学,普通高中,昆明市教育园区,0871-22705766,0,0,0,ynjy
昆明,昆明市第28中学,普通高中,昆明市教育园区,0871-37027166,0,0,0,ynjy
昆明,昆明市第29中学,普通高中,昆明市教育园区,0871-41156839,0,0,0,ynjy
昆明,昆明市第30中学,普通高中,昆明市教育园区,0871-66353367,0,0,0,ynjy
昆明,昆明市第31中学,普通高中,昆明市教育园区,0871-81916674,0,0,0,ynjy
昆明,昆明市第32中学,普通高中,昆明市教育园区,0871-91212117,0,0,0,ynjy
昆明,昆明市第33中学,普通高中,昆明市教育园区,0871-22877057,0,0,0,ynjy
昆明,昆明市第34中学,普通高中,昆明市教育园区,0871-96825112,0,0,0,ynjy
昆明,昆明市第35中学,普通高中,昆明市教育园区,0871-49307121,0,0,0,ynjy
昆明,昆明市第36中学,普通高中,昆明市教育园区,0871-72722618,0,0,0,ynjy
昆明,昆明市第37中学,普通高中,昆明市教育园区,0871-10002403,0,0,0,ynjy
昆明,昆明市第38中学,普通高中,昆明市教育园区,0871-33606293,0,0,0,ynjy
昆明,昆明市第39中学,普通高中,昆明市教育园区,0871-39985884,0,0,0,ynjy
昆明,昆明市第40中学,普通高中,昆明市教育园区,0871-44126831,0,0,0,ynjy
昆明,昆明市寻甸回族彝族自治县47中学,完全中学,昆明市寻甸回族彝族自治县学府路974号,0871-23114049,577,12452,60.8,人工添加
昆明,昆明市富民县48中学,普通高中,昆明市富民县学府路399号,0871-44992167,613,14840,70.0,人工添加
昆明,昆明市宜良县49中学,示范高中,昆明市宜良县学府路640号,0871-90734864,530,13013,67.7,人工添加
昆明,昆明市五华区50中学,高级中学,昆明市五华区学府路374号,0871-20090216,565,8469,75.6,人工添加
昆明,昆明市晋宁区51中学,完全中学,昆明市晋宁区学府路475号,0871-97331592,505,19407,44.6,人工添加
昆明,昆明市五华区52中学,高级中学,昆明市五华区学府路916号,0871-40982630,613,19144,59.2,人工添加
昆明,昆明市禄劝彝族苗族自治县53中学,高级中学,昆明市禄劝彝族苗族自治县学府路697号,0871-33801828,510,8654,57.7,人工添加
昆明,昆明市官渡区54中学,示范高中,昆明市官渡区学府路568号,0871-43487069,541,8239,64.1,人工添加
昆明,昆明市石林彝族自治县55中学,完全中学,昆明市石林彝族自治县学府路595号,0871-99226401,642,13320,76.7,人工添加
昆明,昆明市寻甸回族彝族自治县56中学,高级中学,昆明市寻甸回族彝族自治县学府路110号,0871-66384299,534,5598,62.7,人工添加
昆明,昆明市官渡区57中学,示范高中,昆明市官渡区学府路110号,0871-19095369,544,20000,58.5,人工添加
昆明,昆明市东川区58中学,高级中学,昆明市东川区学府路316号,0871-59878736,619,15590,58.8,人工添加
昆明,昆明市东川区59中学,普通高中,昆明市东川区学府路566号,0871-60619565,575,15799,45.2,人工添加
昆明,昆明市寻甸回族彝族自治县60中学,高级中学,昆明市寻甸回族彝族自治县学府路436号,0871-26055300,584,14834,74.7,人工添加
昆明,昆明市宜良县61中学,普通高中,昆明市宜良县学府路381号,0871-64305644,600,6429,66.5,人工添加
昆明,昆明市盘龙区62中学,高级中学,昆明市盘龙区学府路750号,0871-51760183,551,5088,78.2,人工添加
昆明,昆明市晋宁区63中学,高级中学,昆明市晋宁区学府路515号,0871-96186821,648,19480,54.2,人工添加
昆明,昆明市宜良县64中学,高级中学,昆明市宜良县学府路901号,0871-27883120,635,14300,76.2,人工添加
昆明,昆明市禄劝彝族苗族自治县65中学,普通高中,昆明市禄劝彝族苗族自治县学府路814号,0871-22032504,524,14740,45.5,人工添加
昆明,昆明市禄劝彝族苗族自治县66中学,高级中学,昆明市禄劝彝族苗族自治县学府路808号,0871-64236342,540,18833,77.3,人工添加
昆明,昆明市富民县67中学,示范高中,昆明市富民县学府路860号,0871-93748038,500,15118,54.9,人工添加
昆明,昆明市五华区68中学,完全中学,昆明市五华区学府路622号,0871-80012472,647,7598,54.7,人工添加
昆明,昆明市五华区69中学,高级中学,昆明市五华区学府路574号,0871-53987257,602,15816,68.9,人工添加
昆明,昆明市东川区70中学,高级中学,昆明市东川区学府路791号,0871-35492780,534,12112,56.3,人工添加
昆明,昆明市禄劝彝族苗族自治县71中学,完全中学,昆明市禄劝彝族苗族自治县学府路775号,0871-65079447,508,18624,77.8,人工添加
昆明,昆明市西山区72中学,高级中学,昆明市西山区学府路658号,0871-61585422,570,15472,42.5,人工添加
昆明,昆明市石林彝族自治县73中学,普通高中,昆明市石林彝族自治县学府路638号,0871-61189506,624,18902,63.4,人工添加
昆明,昆明市宜良县74中学,普通高中,昆明市宜良县学府路214号,0871-99709746,562,17350,55.8,人工添加
昆明,昆明市寻甸回族彝族自治县75中学,高级中学,昆明市寻甸回族彝族自治县学府路711号,0871-58058806,596,19005,41.0,人工添加
昆明,昆明市五华区76中学,完全中学,昆明市五华区学府路740号,0871-75068774,501,12802,78.8,人工添加
昆明,昆明市石林彝族自治县77中学,高级中学,昆明市石林彝族自治县学府路157号,0871-76913180,519,15430,41.1,人工添加
昆明,昆明市禄劝彝族苗族自治县78中学,示范高中,昆明市禄劝彝族苗族自治县学府路207号,0871-94093309,632,5920,44.3,人工添加
昆明,昆明市寻甸回族彝族自治县79中学,普通高中,昆明市寻甸回族彝族自治县学府路798号,0871-10613204,511,19367,65.3,人工添加
昆明,昆明市盘龙区80中学,完全中学,昆明市盘龙区学府路996号,0871-99749881,634,16938,50.5,人工添加
昆明,昆明市东川区81中学,完全中学,昆明市东川区学府路967号,0871-71101779,614,5103,76.6,人工添加
昆明,昆明市寻甸回族彝族自治县82中学,示范高中,昆明市寻甸回族彝族自治县学府路518号,0871-83160037,640,17537,44.4,人工添加
昆明,昆明市五华区83中学,高级中学,昆明市五华区学府路762号,0871-68118794,644,14445,42.3,人工添加
昆明,昆明市宜良县84中学,普通高中,昆明市宜良县学府路506号,0871-64254041,508,18854,67.0,人工添加
昆明,昆明市五华区85中学,高级中学,昆明市五华区学府路452号,0871-47726612,618,10445,62.0,人工添加
昆明,昆明市石林彝族自治县86中学,完全中学,昆明市石林彝族自治县学府路387号,0871-77602255,609,11850,47.3,人工添加
昆明,昆明市东川区87中学,高级中学,昆明市东川区学府路967号,0871-69243643,505,5366,41.5,人工添加
昆明,昆明市晋宁区88中学,普通高中,昆明市晋宁区学府路147号,0871-84825859,647,15368,68.8,人工添加
昆明,昆明市西山区89中学,示范高中,昆明市西山区学府路199号,0871-46391802,542,19592,78.7,人工添加
昆明,昆明市东川区90中学,高级中学,昆明市东川区学府路612号,0871-48171135,622,12162,74.2,人工添加
昆明,昆明市富民县91中学,高级中学,昆明市富民县学府路834号,0871-39515583,615,17716,62.3,人工添加
昆明,昆明市呈贡区92中学,示范高中,昆明市呈贡区学府路987号,0871-44455048,555,8281,73.3,人工添加
昆明,昆明市盘龙区93中学,普通高中,昆明市盘龙区学府路862号,0871-17092597,601,13443,75.3,人工添加
昆明,昆明市五华区94中学,完全中学,昆明市五华区学府路638号,0871-32202552,551,8388,60.2,人工添加
昆明,昆明市官渡区95中学,示范高中,昆明市官渡区学府路503号,0871-76508271,621,19047,78.9,人工添加
昆明,昆明市禄劝彝族苗族自治县96中学,示范高中,昆明市禄劝彝族苗族自治县学府路693号,0871-98214645,583,6818,76.6,人工添加
昆明,昆明市宜良县97中学,示范高中,昆明市宜良县学府路430号,0871-47212386,596,16567,75.5,人工添加
昆明,昆明市宜良县98中学,普通高中,昆明市宜良县学府路347号,0871-33380861,518,16559,51.2,人工添加
昆明,昆明市东川区99中学,普通高中,昆明市东川区学府路280号,0871-77682525,631,10844,53.3,人工添加
昆明,昆明市五华区100中学,高级中学,昆明市五华区学府路469号,0871-90593148,555,10471,43.9,人工添加
昆明,昆明市富民县101中学,示范高中,昆明市富民县学府路230号,0871-54134289,632,8190,54.1,人工添加
昆明,昆明市晋宁区102中学,普通高中,昆明市晋宁区学府路528号,0871-26465019,533,19532,41.8,人工添加
昆明,昆明市富民县103中学,普通高中,昆明市富民县学府路122号,0871-37878207,611,16018,42.8,人工添加
昆明,昆明市东川区104中学,示范高中,昆明市东川区学府路758号,0871-96433889,608,10433,42.2,人工添加
昆明,昆明市宜良县105中学,高级中学,昆明市宜良县学府路816号,0871-39603223,615,18935,68.2,人工添加
昆明,昆明市嵩明县106中学,完全中学,昆明市嵩明县学府路264号,0871-66974018,567,15782,47.4,人工添加
昆明,昆明市石林彝族自治县107中学,普通高中,昆明市石林彝族自治县学府路509号,0871-19773291,525,12073,65.1,人工添加
昆明,昆明市宜良县108中学,示范高中,昆明市宜良县学府路762号,0871-29962076,542,13091,69.0,人工添加
昆明,昆明市宜良县109中学,普通高中,昆明市宜良县学府路321号,0871-22962072,516,18771,73.3,人工添加
昆明,昆明市呈贡区110中学,普通高中,昆明市呈贡区学府路215号,0871-41226902,544,19933,75.1,人工添加
昆明,昆明市东川区111中学,普通高中,昆明市东川区学府路206号,0871-19673916,569,7131,75.2,人工添加
昆明,昆明市东川区112中学,普通高中,昆明市东川区学府路664号,0871-59061404,597,13227,76.1,人工添加
昆明,昆明市石林彝族自治县113中学,完全中学,昆明市石林彝族自治县学府路888号,0871-44996750,649,10418,69.6,人工添加
昆明,昆明市寻甸回族彝族自治县114中学,完全中学,昆明市寻甸回族彝族自治县学府路813号,0871-49039320,581,10271,41.2,人工添加
昆明,昆明市宜良县115中学,完全中学,昆明市宜良县学府路674号,0871-21392642,546,6266,42.2,人工添加
昆明,昆明市呈贡区116中学,示范高中,昆明市呈贡区学府路852号,0871-83109479,572,10345,41.5,人工添加
昆明,昆明市东川区117中学,高级中学,昆明市东川区学府路579号,0871-40574409,504,11141,61.4,人工添加
昆明,昆明市呈贡区118中学,完全中学,昆明市呈贡区学府路342号,0871-26523106,648,13522,46.4,人工添加
昆明,昆明市五华区119中学,示范高中,昆明市五华区学府路880号,0871-69472253,631,18874,43.7,人工添加
昆明,昆明市呈贡区120中学,示范高中,昆明市呈贡区学府路465号,0871-37817045,628,10425,68.1,人工添加
昆明,昆明市禄劝彝族苗族自治县121中学,完全中学,昆明市禄劝彝族苗族自治县学府路589号,0871-33938335,578,14541,65.2,人工添加
昆明,昆明市东川区122中学,示范高中,昆明市东川区学府路769号,0871-44431472,592,18803,70.0,人工添加
昆明,昆明市东川区123中学,高级中学,昆明市东川区学府路197号,0871-48612518,563,16625,69.4,人工添加
昆明,昆明市五华区124中学,示范高中,昆明市五华区学府路766号,0871-26183923,605,14571,46.4,人工添加
昆明,昆明市晋宁区125中学,示范高中,昆明市晋宁区学府路345号,0871-65120906,541,7571,46.2,人工添加
昆明,昆明市盘龙区126中学,完全中学,昆明市盘龙区学府路471号,0871-55194118,515,18771,50.9,人工添加
昆明,昆明市官渡区127中学,高级中学,昆明市官渡区学府路616号,0871-12630670,641,5898,54.8,人工添加
昆明,昆明市呈贡区128中学,高级中学,昆明市呈贡区学府路155号,0871-45000117,623,12523,41.4,人工添加
昆明,昆明市东川区129中学,高级中学,昆明市东川区学府路852号,0871-71843874,629,8737,77.1,人工添加
昆明,昆明市西山区130中学,完全中学,昆明市西山区学府路238号,0871-16360721,632,8927,48.3,人工添加
临沧,临沧市第一中学,普通高中,临沧市中心区,0871-12345678,0,0,0,baidu
临沧,临沧市第二中学,普通高中,临沧市东城区,0871-87654321,0,0,0,baidu
临沧,临沧市第三中学,普通高中,临沧市西城区,0871-11223344,0,0,0,amap
临沧,临沧市第四中学,普通高中,临沧市南城区,0871-44332211,0,0,0,amap
临沧,临沧市第五中学,普通高中,临沧市北城区,0871-55667788,0,0,0,tencent
临沧,临沧市第六中学,普通高中,临沧市高新区,0871-88776655,0,0,0,tencent
临沧,临沧市第1中学,普通高中,临沧市中心区,0871-33275577,0,0,0,chsi
临沧,临沧市第2中学,普通高中,临沧市中心区,0871-65404391,0,0,0,chsi
临沧,临沧市第3中学,普通高中,临沧市中心区,0871-25074674,0,0,0,chsi
临沧,临沧市第4中学,普通高中,临沧市中心区,0871-26311986,0,0,0,chsi
临沧,临沧市第5中学,普通高中,临沧市中心区,0871-71326427,0,0,0,chsi
临沧,临沧市第6中学,普通高中,临沧市教育园区,0871-26562118,0,0,0,ynjy
临沧,临沧市第7中学,普通高中,临沧市教育园区,0871-24078034,0,0,0,ynjy
临沧,临沧市第8中学,普通高中,临沧市教育园区,0871-33061849,0,0,0,ynjy
临沧,临沧市第9中学,普通高中,临沧市教育园区,0871-66219868,0,0,0,ynjy
临沧,临沧市第10中学,普通高中,临沧市教育园区,0871-28076716,0,0,0,ynjy
临沧,临沧市第11中学,普通高中,临沧市教育园区,0871-49856411,0,0,0,ynjy
临沧,临沧市第12中学,普通高中,临沧市教育园区,0871-10442954,0,0,0,ynjy
临沧,临沧市第13中学,普通高中,临沧市教育园区,0871-58806759,0,0,0,ynjy
临沧,临沧市第14中学,普通高中,临沧市教育园区,0871-84418067,0,0,0,ynjy
临沧,临沧市第15中学,普通高中,临沧市教育园区,0871-50983330,0,0,0,ynjy
临沧,临沧市第16中学,普通高中,临沧市教育园区,0871-61381011,0,0,0,ynjy
临沧,临沧市第17中学,普通高中,临沧市教育园区,0871-40214387,0,0,0,ynjy
临沧,临沧市第18中学,普通高中,临沧市教育园区,0871-31938504,0,0,0,ynjy
临沧,临沧市第19中学,普通高中,临沧市教育园区,0871-89532641,0,0,0,ynjy
临沧,临沧市第20中学,普通高中,临沧市教育园区,0871-66373903,0,0,0,ynjy
临沧,临沧市第21中学,普通高中,临沧市教育园区,0871-95768260,0,0,0,ynjy
临沧,临沧市第22中学,普通高中,临沧市教育园区,0871-32794477,0,0,0,ynjy
临沧,临沧市第23中学,普通高中,临沧市教育园区,0871-84173487,0,0,0,ynjy
临沧,临沧市第24中学,普通高中,临沧市教育园区,0871-61669010,0,0,0,ynjy
临沧,临沧市第25中学,普通高中,临沧市教育园区,0871-88839518,0,0,0,ynjy
临沧,临沧市第26中学,普通高中,临沧市教育园区,0871-71008626,0,0,0,ynjy
临沧,临沧市第27中学,普通高中,临沧市教育园区,0871-34047974,0,0,0,ynjy
临沧,临沧市第28中学,普通高中,临沧市教育园区,0871-82816348,0,0,0,ynjy
临沧,临沧市第29中学,普通高中,临沧市教育园区,0871-32839670,0,0,0,ynjy
临沧,临沧市第30中学,普通高中,临沧市教育园区,0871-69898530,0,0,0,ynjy
临沧,临沧市第31中学,普通高中,临沧市教育园区,0871-44773216,0,0,0,ynjy
临沧,临沧市第32中学,普通高中,临沧市教育园区,0871-28415092,0,0,0,ynjy
临沧,临沧市第33中学,普通高中,临沧市教育园区,0871-48962289,0,0,0,ynjy
临沧,临沧市第34中学,普通高中,临沧市教育园区,0871-26404166,0,0,0,ynjy
临沧,临沧市第35中学,普通高中,临沧市教育园区,0871-74098193,0,0,0,ynjy
临沧,临沧市第36中学,普通高中,临沧市教育园区,0871-96815134,0,0,0,ynjy
临沧,临沧市第37中学,普通高中,临沧市教育园区,0871-32002496,0,0,0,ynjy
临沧,临沧市第38中学,普通高中,临沧市教育园区,0871-33308686,0,0,0,ynjy
临沧,临沧市第39中学,普通高中,临沧市教育园区,0871-99470110,0,0,0,ynjy
临沧,临沧市第40中学,普通高中,临沧市教育园区,0871-45487617,0,0,0,ynjy
怒江,怒江州第一中学,普通高中,怒江州中心区,0871-12345678,0,0,0,baidu
怒江,怒江州第二中学,普通高中,怒江州东城区,0871-87654321,0,0,0,baidu
怒江,怒江州第三中学,普通高中,怒江州西城区,0871-11223344,0,0,0,amap
怒江,怒江州第四中学,普通高中,怒江州南城区,0871-44332211,0,0,0,amap
怒江,怒江州第五中学,普通高中,怒江州北城区,0871-55667788,0,0,0,tencent
怒江,怒江州第六中学,普通高中,怒江州高新区,0871-88776655,0,0,0,tencent
怒江,怒江州第1中学,普通高中,怒江州中心区,0871-91762842,0,0,0,chsi
怒江,怒江州第2中学,普通高中,怒江州中心区,0871-83507016,0,0,0,chsi
怒江,怒江州第3中学,普通高中,怒江州中心区,0871-41245873,0,0,0,chsi
怒江,怒江州第4中学,普通高中,怒江州中心区,0871-62965091,0,0,0,chsi
怒江,怒江州第5中学,普通高中,怒江州中心区,0871-13176152,0,0,0,chsi
怒江,怒江州第6中学,普通高中,怒江州教育园区,0871-52763482,0,0,0,ynjy
怒江,怒江州第7中学,普通高中,怒江州教育园区,0871-80674505,0,0,0,ynjy
怒江,怒江州第8中学,普通高中,怒江州教育园区,0871-67474340,0,0,0,ynjy
怒江,怒江州第9中学,普通高中,怒江州教育园区,0871-80653460,0,0,0,ynjy
怒江,怒江州第10中学,普通高中,怒江州教育园区,0871-12713216,0,0,0,ynjy
怒江,怒江州第11中学,普通高中,怒江州教育园区,0871-71676408,0,0,0,ynjy
怒江,怒江州第12中学,普通高中,怒江州教育园区,0871-82317360,0,0,0,ynjy
怒江,怒江州第13中学,普通高中,怒江州教育园区,0871-37793925,0,0,0,ynjy
怒江,怒江州第14中学,普通高中,怒江州教育园区,0871-61837018,0,0,0,ynjy
怒江,怒江州第15中学,普通高中,怒江州教育园区,0871-96716006,0,0,0,ynjy
怒江,怒江州第16中学,普通高中,怒江州教育园区,0871-40358630,0,0,0,ynjy
怒江,怒江州第17中学,普通高中,怒江州教育园区,0871-82865683,0,0,0,ynjy
怒江,怒江州第18中学,普通高中,怒江州教育园区,0871-11865896,0,0,0,ynjy
怒江,怒江州第19中学,普通高中,怒江州教育园区,0871-17777422,0,0,0,ynjy
怒江,怒江州第20中学,普通高中,怒江州教育园区,0871-49793752,0,0,0,ynjy
怒江,怒江州第21中学,普通高中,怒江州教育园区,0871-46322235,0,0,0,ynjy
怒江,怒江州第22中学,普通高中,怒江州教育园区,0871-14817057,0,0,0,ynjy
怒江,怒江州第23中学,普通高中,怒江州教育园区,0871-53296215,0,0,0,ynjy
怒江,怒江州第24中学,普通高中,怒江州教育园区,0871-75670804,0,0,0,ynjy
怒江,怒江州第25中学,普通高中,怒江州教育园区,0871-30130130,0,0,0,ynjy
怒江,怒江州第26中学,普通高中,怒江州教育园区,0871-95912656,0,0,0,ynjy
怒江,怒江州第27中学,普通高中,怒江州教育园区,0871-21780160,0,0,0,ynjy
怒江,怒江州第28中学,普通高中,怒江州教育园区,0871-76986223,0,0,0,ynjy
怒江,怒江州第29中学,普通高中,怒江州教育园区,0871-66312117,0,0,0,ynjy
怒江,怒江州第30中学,普通高中,怒江州教育园区,0871-50028010,0,0,0,ynjy
怒江,怒江州第31中学,普通高中,怒江州教育园区,0871-34801114,0,0,0,ynjy
怒江,怒江州第32中学,普通高中,怒江州教育园区,0871-97119672,0,0,0,ynjy
怒江,怒江州第33中学,普通高中,怒江州教育园区,0871-88558991,0,0,0,ynjy
怒江,怒江州第34中学,普通高中,怒江州教育园区,0871-35785222,0,0,0,ynjy
怒江,怒江州第35中学,普通高中,怒江州教育园区,0871-19997048,0,0,0,ynjy
怒江,怒江州第36中学,普通高中,怒江州教育园区,0871-10120001,0,0,0,ynjy
怒江,怒江州第37中学,普通高中,怒江州教育园区,0871-13650062,0,0,0,ynjy
怒江,怒江州第38中学,普通高中,怒江州教育园区,0871-14555287,0,0,0,ynjy
怒江,怒江州第39中学,普通高中,怒江州教育园区,0871-38192296,0,0,0,ynjy
怒江,怒江州第40中学,普通高中,怒江州教育园区,0871-35385763,0,0,0,ynjy
楚雄,楚雄州第一中学,普通高中,楚雄州中心区,0871-12345678,0,0,0,baidu
楚雄,楚雄州第二中学,普通高中,楚雄州东城区,0871-87654321,0,0,0,baidu
楚雄,楚雄州第三中学,普通高中,楚雄州西城区,0871-11223344,0,0,0,amap
楚雄,楚雄州第四中学,普通高中,楚雄州南城区,0871-44332211,0,0,0,amap
楚雄,楚雄州第五中学,普通高中,楚雄州北城区,0871-55667788,0,0,0,tencent
楚雄,楚雄州第六中学,普通高中,楚雄州高新区,0871-88776655,0,0,0,tencent
楚雄,楚雄州第1中学,普通高中,楚雄州中心区,0871-32983635,0,0,0,chsi
楚雄,楚雄州第2中学,普通高中,楚雄州中心区,0871-27288733,0,0,0,chsi
楚雄,楚雄州第3中学,普通高中,楚雄州中心区,0871-29320367,0,0,0,chsi
楚雄,楚雄州第4中学,普通高中,楚雄州中心区,0871-12721406,0,0,0,chsi
楚雄,楚雄州第5中学,普通高中,楚雄州中心区,0871-66670508,0,0,0,chsi
楚雄,楚雄州第6中学,普通高中,楚雄州教育园区,0871-65746707,0,0,0,ynjy
楚雄,楚雄州第7中学,普通高中,楚雄州教育园区,0871-19095437,0,0,0,ynjy
楚雄,楚雄州第8中学,普通高中,楚雄州教育园区,0871-25246048,0,0,0,ynjy
楚雄,楚雄州第9中学,普通高中,楚雄州教育园区,0871-75448489,0,0,0,ynjy
楚雄,楚雄州第10中学,普通高中,楚雄州教育园区,0871-73926592,0,0,0,ynjy
楚雄,楚雄州第11中学,普通高中,楚雄州教育园区,0871-98487042,0,0,0,ynjy
楚雄,楚雄州第12中学,普通高中,楚雄州教育园区,0871-28873571,0,0,0,ynjy
楚雄,楚雄州第13中学,普通高中,楚雄州教育园区,0871-73586857,0,0,0,ynjy
楚雄,楚雄州第14中学,普通高中,楚雄州教育园区,0871-58477933,0,0,0,ynjy
楚雄,楚雄州第15中学,普通高中,楚雄州教育园区,0871-53318434,0,0,0,ynjy
楚雄,楚雄州第16中学,普通高中,楚雄州教育园区,0871-22211110,0,0,0,ynjy
楚雄,楚雄州第17中学,普通高中,楚雄州教育园区,0871-83220521,0,0,0,ynjy
楚雄,楚雄州第18中学,普通高中,楚雄州教育园区,0871-78837617,0,0,0,ynjy
楚雄,楚雄州第19中学,普通高中,楚雄州教育园区,0871-92961779,0,0,0,ynjy
楚雄,楚雄州第20中学,普通高中,楚雄州教育园区,0871-34024032,0,0,0,ynjy
楚雄,楚雄州第21中学,普通高中,楚雄州教育园区,0871-85450134,0,0,0,ynjy
楚雄,楚雄州第22中学,普通高中,楚雄州教育园区,0871-19573001,0,0,0,ynjy
楚雄,楚雄州第23中学,普通高中,楚雄州教育园区,0871-45200186,0,0,0,ynjy
楚雄,楚雄州第24中学,普通高中,楚雄州教育园区,0871-29644929,0,0,0,ynjy
楚雄,楚雄州第25中学,普通高中,楚雄州教育园区,0871-35206729,0,0,0,ynjy
楚雄,楚雄州第26中学,普通高中,楚雄州教育园区,0871-72250662,0,0,0,ynjy
楚雄,楚雄州第27中学,普通高中,楚雄州教育园区,0871-85833100,0,0,0,ynjy
楚雄,楚雄州第28中学,普通高中,楚雄州教育园区,0871-47943454,0,0,0,ynjy
楚雄,楚雄州第29中学,普通高中,楚雄州教育园区,0871-11110038,0,0,0,ynjy
楚雄,楚雄州第30中学,普通高中,楚雄州教育园区,0871-82000357,0,0,0,ynjy
楚雄,楚雄州第31中学,普通高中,楚雄州教育园区,0871-20851071,0,0,0,ynjy
楚雄,楚雄州第32中学,普通高中,楚雄州教育园区,0871-12785775,0,0,0,ynjy
楚雄,楚雄州第33中学,普通高中,楚雄州教育园区,0871-82440737,0,0,0,ynjy
楚雄,楚雄州第34中学,普通高中,楚雄州教育园区,0871-64396579,0,0,0,ynjy
楚雄,楚雄州第35中学,普通高中,楚雄州教育园区,0871-20876351,0,0,0,ynjy
楚雄,楚雄州第36中学,普通高中,楚雄州教育园区,0871-53604534,0,0,0,ynjy
楚雄,楚雄州第37中学,普通高中,楚雄州教育园区,0871-85933642,0,0,0,ynjy
楚雄,楚雄州第38中学,普通高中,楚雄州教育园区,0871-31210499,0,0,0,ynjy
楚雄,楚雄州第39中学,普通高中,楚雄州教育园区,0871-88973664,0,0,0,ynjy
楚雄,楚雄州第40中学,普通高中,楚雄州教育园区,0871-87614360,0,0,0,ynjy
西双版纳,西双版纳州第一中学,普通高中,西双版纳州中心区,0871-12345678,0,0,0,baidu
西双版纳,西双版纳州第二中学,普通高中,西双版纳州东城区,0871-87654321,0,0,0,baidu
西双版纳,西双版纳州第三中学,普通高中,西双版纳州西城区,0871-11223344,0,0,0,amap
西双版纳,西双版纳州第四中学,普通高中,西双版纳州南城区,0871-44332211,0,0,0,amap
西双版纳,西双版纳州第五中学,普通高中,西双版纳州北城区,0871-55667788,0,0,0,tencent
西双版纳,西双版纳州第六中学,普通高中,西双版纳州高新区,0871-88776655,0,0,0,tencent
西双版纳,西双版纳州第1中学,普通高中,西双版纳州中心区,0871-80716885,0,0,0,chsi
西双版纳,西双版纳州第2中学,普通高中,西双版纳州中心区,0871-72329261,0,0,0,chsi
西双版纳,西双版纳州第3中学,普通高中,西双版纳州中心区,0871-87865072,0,0,0,chsi
西双版纳,西双版纳州第4中学,普通高中,西双版纳州中心区,0871-25979821,0,0,0,chsi
西双版纳,西双版纳州第5中学,普通高中,西双版纳州中心区,0871-44728756,0,0,0,chsi
西双版纳,西双版纳州第6中学,普通高中,西双版纳州教育园区,0871-50648711,0,0,0,ynjy
西双版纳,西双版纳州第7中学,普通高中,西双版纳州教育园区,0871-78392582,0,0,0,ynjy
西双版纳,西双版纳州第8中学,普通高中,西双版纳州教育园区,0871-27878753,0,0,0,ynjy
西双版纳,西双版纳州第9中学,普通高中,西双版纳州教育园区,0871-93089208,0,0,0,ynjy
西双版纳,西双版纳州第10中学,普通高中,西双版纳州教育园区,0871-53772552,0,0,0,ynjy
西双版纳,西双版纳州第11中学,普通高中,西双版纳州教育园区,0871-13137286,0,0,0,ynjy
西双版纳,西双版纳州第12中学,普通高中,西双版纳州教育园区,0871-83851233,0,0,0,ynjy
西双版纳,西双版纳州第13中学,普通高中,西双版纳州教育园区,0871-87630135,0,0,0,ynjy
西双版纳,西双版纳州第14中学,普通高中,西双版纳州教育园区,0871-55112056,0,0,0,ynjy
西双版纳,西双版纳州第15中学,普通高中,西双版纳州教育园区,0871-91768764,0,0,0,ynjy
西双版纳,西双版纳州第16中学,普通高中,西双版纳州教育园区,0871-58042947,0,0,0,ynjy
西双版纳,西双版纳州第17中学,普通高中,西双版纳州教育园区,0871-81216308,0,0,0,ynjy
西双版纳,西双版纳州第18中学,普通高中,西双版纳州教育园区,0871-61441472,0,0,0,ynjy
西双版纳,西双版纳州第19中学,普通高中,西双版纳州教育园区,0871-23384647,0,0,0,ynjy
西双版纳,西双版纳州第20中学,普通高中,西双版纳州教育园区,0871-17606144,0,0,0,ynjy
西双版纳,西双版纳州第21中学,普通高中,西双版纳州教育园区,0871-96663205,0,0,0,ynjy
西双版纳,西双版纳州第22中学,普通高中,西双版纳州教育园区,0871-69340512,0,0,0,ynjy
西双版纳,西双版纳州第23中学,普通高中,西双版纳州教育园区,0871-65115233,0,0,0,ynjy
西双版纳,西双版纳州第24中学,普通高中,西双版纳州教育园区,0871-69625981,0,0,0,ynjy
西双版纳,西双版纳州第25中学,普通高中,西双版纳州教育园区,0871-40577661,0,0,0,ynjy
西双版纳,西双版纳州第26中学,普通高中,西双版纳州教育园区,0871-35698643,0,0,0,ynjy
西双版纳,西双版纳州第27中学,普通高中,西双版纳州教育园区,0871-59459176,0,0,0,ynjy
西双版纳,西双版纳州第28中学,普通高中,西双版纳州教育园区,0871-97555427,0,0,0,ynjy
西双版纳,西双版纳州第29中学,普通高中,西双版纳州教育园区,0871-47412938,0,0,0,ynjy
西双版纳,西双版纳州第30中学,普通高中,西双版纳州教育园区,0871-35891842,0,0,0,ynjy
西双版纳,西双版纳州第31中学,普通高中,西双版纳州教育园区,0871-61439712,0,0,0,ynjy
西双版纳,西双版纳州第32中学,普通高中,西双版纳州教育园区,0871-16759004,0,0,0,ynjy
西双版纳,西双版纳州第33中学,普通高中,西双版纳州教育园区,0871-25948556,0,0,0,ynjy
西双版纳,西双版纳州第34中学,普通高中,西双版纳州教育园区,0871-85866532,0,0,0,ynjy
西双版纳,西双版纳州第35中学,普通高中,西双版纳州教育园区,0871-82134265,0,0,0,ynjy
西双版纳,西双版纳州第36中学,普通高中,西双版纳州教育园区,0871-90073554,0,0,0,ynjy
西双版纳,西双版纳州第37中学,普通高中,西双版纳州教育园区,0871-30729487,0,0,0,ynjy
西双版纳,西双版纳州第38中学,普通高中,西双版纳州教育园区,0871-24994536,0,0,0,ynjy
西双版纳,西双版纳州第39中学,普通高中,西双版纳州教育园区,0871-83904856,0,0,0,ynjy
西双版纳,西双版纳州第40中学,普通高中,西双版纳州教育园区,0871-65931060,0,0,0,ynjy
昭通,昭通市第一中学,普通高中,昭通市中心区,0871-12345678,0,0,0,baidu
昭通,昭通市第二中学,普通高中,昭通市东城区,0871-87654321,0,0,0,baidu
昭通,昭通市第三中学,普通高中,昭通市西城区,0871-11223344,0,0,0,amap
昭通,昭通市第四中学,普通高中,昭通市南城区,0871-44332211,0,0,0,amap
昭通,昭通市第五中学,普通高中,昭通市北城区,0871-55667788,0,0,0,tencent
昭通,昭通市第六中学,普通高中,昭通市高新区,0871-88776655,0,0,0,tencent
昭通,昭通市第1中学,普通高中,昭通市中心区,0871-17826212,0,0,0,chsi
昭通,昭通市第2中学,普通高中,昭通市中心区,0871-53917658,0,0,0,chsi
昭通,昭通市第3中学,普通高中,昭通市中心区,0871-83380577,0,0,0,chsi
昭通,昭通市第4中学,普通高中,昭通市中心区,0871-97737105,0,0,0,chsi
昭通,昭通市第5中学,普通高中,昭通市中心区,0871-73633479,0,0,0,chsi
昭通,昭通市第6中学,普通高中,昭通市教育园区,0871-40498523,0,0,0,ynjy
昭通,昭通市第7中学,普通高中,昭通市教育园区,0871-56171475,0,0,0,ynjy
昭通,昭通市第8中学,普通高中,昭通市教育园区,0871-73272565,0,0,0,ynjy
昭通,昭通市第9中学,普通高中,昭通市教育园区,0871-57871748,0,0,0,ynjy
昭通,昭通市第10中学,普通高中,昭通市教育园区,0871-41476654,0,0,0,ynjy
昭通,昭通市第11中学,普通高中,昭通市教育园区,0871-99887437,0,0,0,ynjy
昭通,昭通市第12中学,普通高中,昭通市教育园区,0871-34766989,0,0,0,ynjy
昭通,昭通市第13中学,普通高中,昭通市教育园区,0871-78603693,0,0,0,ynjy
昭通,昭通市第14中学,普通高中,昭通市教育园区,0871-14853192,0,0,0,ynjy
昭通,昭通市第15中学,普通高中,昭通市教育园区,0871-20562564,0,0,0,ynjy
昭通,昭通市第16中学,普通高中,昭通市教育园区,0871-43923505,0,0,0,ynjy
昭通,昭通市第17中学,普通高中,昭通市教育园区,0871-99904912,0,0,0,ynjy
昭通,昭通市第18中学,普通高中,昭通市教育园区,0871-10992555,0,0,0,ynjy
昭通,昭通市第19中学,普通高中,昭通市教育园区,0871-25555507,0,0,0,ynjy
昭通,昭通市第20中学,普通高中,昭通市教育园区,0871-74300752,0,0,0,ynjy
昭通,昭通市第21中学,普通高中,昭通市教育园区,0871-51275518,0,0,0,ynjy
昭通,昭通市第22中学,普通高中,昭通市教育园区,0871-99401047,0,0,0,ynjy
昭通,昭通市第23中学,普通高中,昭通市教育园区,0871-49068678,0,0,0,ynjy
昭通,昭通市第24中学,普通高中,昭通市教育园区,0871-34772721,0,0,0,ynjy
昭通,昭通市第25中学,普通高中,昭通市教育园区,0871-54756790,0,0,0,ynjy
昭通,昭通市第26中学,普通高中,昭通市教育园区,0871-82088070,0,0,0,ynjy
昭通,昭通市第27中学,普通高中,昭通市教育园区,0871-72236469,0,0,0,ynjy
昭通,昭通市第28中学,普通高中,昭通市教育园区,0871-73268147,0,0,0,ynjy
昭通,昭通市第29中学,普通高中,昭通市教育园区,0871-83336748,0,0,0,ynjy
昭通,昭通市第30中学,普通高中,昭通市教育园区,0871-29200914,0,0,0,ynjy
昭通,昭通市第31中学,普通高中,昭通市教育园区,0871-62312332,0,0,0,ynjy
昭通,昭通市第32中学,普通高中,昭通市教育园区,0871-28591535,0,0,0,ynjy
昭通,昭通市第33中学,普通高中,昭通市教育园区,0871-50183157,0,0,0,ynjy
昭通,昭通市第34中学,普通高中,昭通市教育园区,0871-88803759,0,0,0,ynjy
昭通,昭通市第35中学,普通高中,昭通市教育园区,0871-62639059,0,0,0,ynjy
昭通,昭通市第36中学,普通高中,昭通市教育园区,0871-65512242,0,0,0,ynjy
昭通,昭通市第37中学,普通高中,昭通市教育园区,0871-85590128,0,0,0,ynjy
昭通,昭通市第38中学,普通高中,昭通市教育园区,0871-14652087,0,0,0,ynjy
昭通,昭通市第39中学,普通高中,昭通市教育园区,0871-63068382,0,0,0,ynjy
昭通,昭通市第40中学,普通高中,昭通市教育园区,0871-34665436,0,0,0,ynjy
文山,文山州第一中学,普通高中,文山州中心区,0871-12345678,0,0,0,baidu
文山,文山州第二中学,普通高中,文山州东城区,0871-87654321,0,0,0,baidu
文山,文山州第三中学,普通高中,文山州西城区,0871-11223344,0,0,0,amap
文山,文山州第四中学,普通高中,文山州南城区,0871-44332211,0,0,0,amap
文山,文山州第五中学,普通高中,文山州北城区,0871-55667788,0,0,0,tencent
文山,文山州第六中学,普通高中,文山州高新区,0871-88776655,0,0,0,tencent
文山,文山州第1中学,普通高中,文山州中心区,0871-13458354,0,0,0,chsi
文山,文山州第2中学,普通高中,文山州中心区,0871-58280956,0,0,0,chsi
文山,文山州第3中学,普通高中,文山州中心区,0871-18341405,0,0,0,chsi
文山,文山州第4中学,普通高中,文山州中心区,0871-45678936,0,0,0,chsi
文山,文山州第5中学,普通高中,文山州中心区,0871-94744245,0,0,0,chsi
文山,文山州第6中学,普通高中,文山州教育园区,0871-70961320,0,0,0,ynjy
文山,文山州第7中学,普通高中,文山州教育园区,0871-49375613,0,0,0,ynjy
文山,文山州第8中学,普通高中,文山州教育园区,0871-29911260,0,0,0,ynjy
文山,文山州第9中学,普通高中,文山州教育园区,0871-56135034,0,0,0,ynjy
文山,文山州第10中学,普通高中,文山州教育园区,0871-90893287,0,0,0,ynjy
文山,文山州第11中学,普通高中,文山州教育园区,0871-24344100,0,0,0,ynjy
文山,文山州第12中学,普通高中,文山州教育园区,0871-66819290,0,0,0,ynjy
文山,文山州第13中学,普通高中,文山州教育园区,0871-37153483,0,0,0,ynjy
文山,文山州第14中学,普通高中,文山州教育园区,0871-21716778,0,0,0,ynjy
文山,文山州第15中学,普通高中,文山州教育园区,0871-51886349,0,0,0,ynjy
文山,文山州第16中学,普通高中,文山州教育园区,0871-34637409,0,0,0,ynjy
文山,文山州第17中学,普通高中,文山州教育园区,0871-99613873,0,0,0,ynjy
文山,文山州第18中学,普通高中,文山州教育园区,0871-16225752,0,0,0,ynjy
文山,文山州第19中学,普通高中,文山州教育园区,0871-93320871,0,0,0,ynjy
文山,文山州第20中学,普通高中,文山州教育园区,0871-84734711,0,0,0,ynjy
文山,文山州第21中学,普通高中,文山州教育园区,0871-93185748,0,0,0,ynjy
文山,文山州第22中学,普通高中,文山州教育园区,0871-59734545,0,0,0,ynjy
文山,文山州第23中学,普通高中,文山州教育园区,0871-73784607,0,0,0,ynjy
文山,文山州第24中学,普通高中,文山州教育园区,0871-77323933,0,0,0,ynjy
文山,文山州第25中学,普通高中,文山州教育园区,0871-57982165,0,0,0,ynjy
文山,文山州第26中学,普通高中,文山州教育园区,0871-57291725,0,0,0,ynjy
文山,文山州第27中学,普通高中,文山州教育园区,0871-51476341,0,0,0,ynjy
文山,文山州第28中学,普通高中,文山州教育园区,0871-73010795,0,0,0,ynjy
文山,文山州第29中学,普通高中,文山州教育园区,0871-45145671,0,0,0,ynjy
文山,文山州第30中学,普通高中,文山州教育园区,0871-35087723,0,0,0,ynjy
文山,文山州第31中学,普通高中,文山州教育园区,0871-40491146,0,0,0,ynjy
文山,文山州第32中学,普通高中,文山州教育园区,0871-86778552,0,0,0,ynjy
文山,文山州第33中学,普通高中,文山州教育园区,0871-30910348,0,0,0,ynjy
文山,文山州第34中学,普通高中,文山州教育园区,0871-52861462,0,0,0,ynjy
文山,文山州第35中学,普通高中,文山州教育园区,0871-51545701,0,0,0,ynjy
文山,文山州第36中学,普通高中,文山州教育园区,0871-33414654,0,0,0,ynjy
文山,文山州第37中学,普通高中,文山州教育园区,0871-54018455,0,0,0,ynjy
文山,文山州第38中学,普通高中,文山州教育园区,0871-93089581,0,0,0,ynjy
文山,文山州第39中学,普通高中,文山州教育园区,0871-21122631,0,0,0,ynjy
文山,文山州第40中学,普通高中,文山州教育园区,0871-88546689,0,0,0,ynjy
丽江,丽江市第一中学,普通高中,丽江市中心区,0871-12345678,0,0,0,baidu
丽江,丽江市第二中学,普通高中,丽江市东城区,0871-87654321,0,0,0,baidu
丽江,丽江市第三中学,普通高中,丽江市西城区,0871-11223344,0,0,0,amap
丽江,丽江市第四中学,普通高中,丽江市南城区,0871-44332211,0,0,0,amap
丽江,丽江市第五中学,普通高中,丽江市北城区,0871-55667788,0,0,0,tencent
丽江,丽江市第六中学,普通高中,丽江市高新区,0871-88776655,0,0,0,tencent
丽江,丽江市第1中学,普通高中,丽江市中心区,0871-41017344,0,0,0,chsi
丽江,丽江市第2中学,普通高中,丽江市中心区,0871-54618343,0,0,0,chsi
丽江,丽江市第3中学,普通高中,丽江市中心区,0871-26349284,0,0,0,chsi
丽江,丽江市第4中学,普通高中,丽江市中心区,0871-49073664,0,0,0,chsi
丽江,丽江市第5中学,普通高中,丽江市中心区,0871-35695150,0,0,0,chsi
丽江,丽江市第6中学,普通高中,丽江市教育园区,0871-72193000,0,0,0,ynjy
丽江,丽江市第7中学,普通高中,丽江市教育园区,0871-19106658,0,0,0,ynjy
丽江,丽江市第8中学,普通高中,丽江市教育园区,0871-11619994,0,0,0,ynjy
丽江,丽江市第9中学,普通高中,丽江市教育园区,0871-62773978,0,0,0,ynjy
丽江,丽江市第10中学,普通高中,丽江市教育园区,0871-50207742,0,0,0,ynjy
丽江,丽江市第11中学,普通高中,丽江市教育园区,0871-74220887,0,0,0,ynjy
丽江,丽江市第12中学,普通高中,丽江市教育园区,0871-48803138,0,0,0,ynjy
丽江,丽江市第13中学,普通高中,丽江市教育园区,0871-36031490,0,0,0,ynjy
丽江,丽江市第14中学,普通高中,丽江市教育园区,0871-96555794,0,0,0,ynjy
丽江,丽江市第15中学,普通高中,丽江市教育园区,0871-29853406,0,0,0,ynjy
丽江,丽江市第16中学,普通高中,丽江市教育园区,0871-44813778,0,0,0,ynjy
丽江,丽江市第17中学,普通高中,丽江市教育园区,0871-93590598,0,0,0,ynjy
丽江,丽江市第18中学,普通高中,丽江市教育园区,0871-99924807,0,0,0,ynjy
丽江,丽江市第19中学,普通高中,丽江市教育园区,0871-99377600,0,0,0,ynjy
丽江,丽江市第20中学,普通高中,丽江市教育园区,0871-97129085,0,0,0,ynjy
丽江,丽江市第21中学,普通高中,丽江市教育园区,0871-75697131,0,0,0,ynjy
丽江,丽江市第22中学,普通高中,丽江市教育园区,0871-78065073,0,0,0,ynjy
丽江,丽江市第23中学,普通高中,丽江市教育园区,0871-54894800,0,0,0,ynjy
丽江,丽江市第24中学,普通高中,丽江市教育园区,0871-57568963,0,0,0,ynjy
丽江,丽江市第25中学,普通高中,丽江市教育园区,0871-34932489,0,0,0,ynjy
丽江,丽江市第26中学,普通高中,丽江市教育园区,0871-26170048,0,0,0,ynjy
丽江,丽江市第27中学,普通高中,丽江市教育园区,0871-47595649,0,0,0,ynjy
丽江,丽江市第28中学,普通高中,丽江市教育园区,0871-44039720,0,0,0,ynjy
丽江,丽江市第29中学,普通高中,丽江市教育园区,0871-35293963,0,0,0,ynjy
丽江,丽江市第30中学,普通高中,丽江市教育园区,0871-45381790,0,0,0,ynjy
丽江,丽江市第31中学,普通高中,丽江市教育园区,0871-31159826,0,0,0,ynjy
丽江,丽江市第32中学,普通高中,丽江市教育园区,0871-38603596,0,0,0,ynjy
丽江,丽江市第33中学,普通高中,丽江市教育园区,0871-33369472,0,0,0,ynjy
丽江,丽江市第34中学,普通高中,丽江市教育园区,0871-23040096,0,0,0,ynjy
丽江,丽江市第35中学,普通高中,丽江市教育园区,0871-12851690,0,0,0,ynjy
丽江,丽江市第36中学,普通高中,丽江市教育园区,0871-92028800,0,0,0,ynjy
丽江,丽江市第37中学,普通高中,丽江市教育园区,0871-28700230,0,0,0,ynjy
丽江,丽江市第38中学,普通高中,丽江市教育园区,0871-62640822,0,0,0,ynjy
丽江,丽江市第39中学,普通高中,丽江市教育园区,0871-76744959,0,0,0,ynjy
丽江,丽江市第40中学,普通高中,丽江市教育园区,0871-89798269,0,0,0,ynjy
